{"cameraMode":{"drawMode":0,"name":"Shaded","section":"Shading Mode"},"sceneLighting":true,"audioPlay":false,"sceneViewState":{"m_AlwaysRefresh":false,"showFog":true,"showSkybox":true,"showFlares":true,"showImageEffects":true,"showParticleSystems":true,"showVisualEffectGraphs":true,"m_FxEnabled":true},"in2DMode":false,"pivot":{"x":-0.38310492038726809,"y":-2.3307788372039797,"z":1.3761615753173829},"rotation":{"x":-0.32571327686309817,"y":0.02038508653640747,"z":-0.007132391445338726,"w":-0.9453401565551758},"size":5.789217948913574,"orthographic":false}