{"cameraMode":{"drawMode":0,"name":"Shaded","section":"Shading Mode"},"sceneLighting":true,"audioPlay":false,"sceneViewState":{"m_AlwaysRefresh":false,"showFog":true,"showSkybox":true,"showFlares":true,"showImageEffects":true,"showParticleSystems":true,"showVisualEffectGraphs":true,"m_FxEnabled":true},"in2DMode":false,"pivot":{"x":4.990797519683838,"y":0.3945821225643158,"z":2.2573671340942385},"rotation":{"x":0.09820243716239929,"y":-0.13688884675502778,"z":0.013627677224576474,"w":0.9855886697769165},"size":1.5879871845245362,"orthographic":false}